Workbook

Sheet المنتج · Product
A1: الإعداد · Setting | B1: القيمة · Value
A2: ⚙️ الإعداد — اسم الإعداد (لا تُغيّره) | B2: 📝 القيمة — عدّلها من هنا والتحديث يكون فورياً للموقع
A3: brandName | B3: Dr.Melaxin
A4: lineName | B4: Cemenrete CX
A5: subtitle | B5: Calcium Volume Multi Balm
A6: basePrice | B6: 3900
A7: oldPrice | B7: 5800
A8: taglineArabic | B8: ✨ ستيك للعناية بالتجاعيد لبشرة أكثر نعومة وتماسكاً.
A9: descriptionArabic | B9: تساعد تركيبته على تقليل مظهر التجاعيد والخطوط الدقيقة، مع ترطيب البشرة ومنحها مظهراً أكثر إشراقاً ونعومة.
A10: benefitsArabic | B10: مضاد للتجاعيد • تماسك • ترطيب • إشراقة
A11: taglineFrench | B11: ✨ Le stick anti-ridules pour une peau visiblement plus lisse et plus ferme.
A12: descriptionFrench | B12: Sa formule aide à réduire l'apparence des rides et ridules, tout en apportant hydratation, confort et éclat à la peau.
A13: benefitsFrench | B13: Anti-ridules • Fermeté • Hydratation • Éclat
A14: badgeArabic | B14: مضاد للتجاعيد
A15: freeShipping | B15: true

Sheet الطلبات · Orders
A1: التاريخ · Date | B1: رقم الطلب · Order No | C1: الحالة · Status | D1: الاسم · Customer | E1: الهاتف · Phone | F1: الولاية · Wilaya | G1: البلدية · Commune | H1: التوصيل · Delivery | I1: الكمية · Qty | J1: سعر الوحدة · Unit Price | K1: الخصم · Discount | L1: التوصيل · Shipping | M1: الإجمالي · Total | N1: ملاحظات · Notes
A2: 📅 تلقائي | B2: 🔢 تلقائي | C2: 🔵 اختر: New → Confirmed → Shipped → Delivered → Cancelled | D2: 👤 اسم الزبون | E2: 📞 رقم الهاتف | F2: 📍 الولاية | G2: 🏘️ البلدية | H2: 🏠 طريقة التوصيل | I2: 🔢 الكمية | J2: 💰 سعر الوحدة | K2: ٪ الخصم | L2: 🚚 سعر التوصيل | M2: 💵 المجموع الكلي | N2: 📝 ملاحظات

Sheet المخزون · Stock
A1: اسم المنتج · Product | B1: الكمية · Stock | D1: 📖 دليل المخزون
A2: 🏷️ اسم المنتج (كما هو في تبويب المنتج) | B2: 📦 اكتب رقم: 100، 3، 0 (فارغ = غير محدود) | D2: 1. ضع الكمية الأولية في الخلية B3 (مثلاً 100)
A3: Cemenrete CX | B3: 100 | D3: 2. عند تغيير حالة طلب إلى 'Confirmed' في تبويب الطلبات،
D4: يقل المخزون تلقائياً بقدر كمية الطلب
D5: 3. عند وصول المخزون إلى 3 أو أقل، يظهر تنبيه في الموقع
D6: 4. عند وصول المخزون إلى 0، يتعطل الطلب في الموقع
D7: 5. لإعادة التعبئة، غيّر الرقم في B3 فقط
D8: 6. الموقع يفحص المخزون فقط عندما يكون منخفضاً (3 أو أقل)

Sheet الإحصائيات · Statistics
A1: 📊 لوحة الإحصائيات · Tableau de bord
A3: 🔑 المؤشرات الرئيسية · Indicateurs clés
A4: 📦 إجمالي الطلبات | B4: =COUNTA('الطلبات · Orders'!B3:B10000)
A5: 💰 إجمالي المبيعات | B5: =SUMIFS('الطلبات · Orders'!M3:M10000,'الطلبات · Orders'!C3:C10000,"<>Cancelled")
A6: 📈 متوسط قيمة الطلب | B6: =IFERROR(AVERAGEIFS('الطلبات · Orders'!M3:M10000,'الطلبات · Orders'!C3:C10000,"<>Cancelled"),0)
A7: 🆕 طلبات جديدة | B7: =COUNTIF('الطلبات · Orders'!C3:C10000,"New")
A8: ✅ طلبات مكتملة | B8: =COUNTIF('الطلبات · Orders'!C3:C10000,"Delivered")
A10: 📋 تفصيل الطلبات · Statut
A11: الحالة · Statut | B11: العدد · Nombre | C11: النسبة · % | D11: المبلغ · Montant
A12: 🆕 New | B12: =COUNTIF('الطلبات · Orders'!C3:C10000,"New") | C12: =IFERROR(B12/SUM($B$12:$B$16),0) | D12: =SUMIFS('الطلبات · Orders'!M3:M10000,'الطلبات · Orders'!C3:C10000,"New")
A13: ✅ Confirmed | B13: =COUNTIF('الطلبات · Orders'!C3:C10000,"Confirmed") | C13: =IFERROR(B13/SUM($B$12:$B$16),0) | D13: =SUMIFS('الطلبات · Orders'!M3:M10000,'الطلبات · Orders'!C3:C10000,"Confirmed")
A14: 🚚 Shipped | B14: =COUNTIF('الطلبات · Orders'!C3:C10000,"Shipped") | C14: =IFERROR(B14/SUM($B$12:$B$16),0) | D14: =SUMIFS('الطلبات · Orders'!M3:M10000,'الطلبات · Orders'!C3:C10000,"Shipped")
A15: 📦 Delivered | B15: =COUNTIF('الطلبات · Orders'!C3:C10000,"Delivered") | C15: =IFERROR(B15/SUM($B$12:$B$16),0) | D15: =SUMIFS('الطلبات · Orders'!M3:M10000,'الطلبات · Orders'!C3:C10000,"Delivered")
A16: ❌ Cancelled | B16: =COUNTIF('الطلبات · Orders'!C3:C10000,"Cancelled") | C16: =IFERROR(B16/SUM($B$12:$B$16),0) | D16: =SUMIFS('الطلبات · Orders'!M3:M10000,'الطلبات · Orders'!C3:C10000,"Cancelled")
A18: 🏆 أعلى الولايات · Top Wilayas
A19: الولاية · Wilaya | B19: الطلبات · Orders | C19: المبلغ · Revenue
A20: =QUERY('الطلبات · Orders'!F3:F10000, "SELECT F, COUNT(F) WHERE F IS NOT NULL GROUP BY F ORDER BY COUNT(F) DESC LIMIT 10 LABEL F 'الولاية', COUNT(F) 'العدد'", 0)
